Titre,Secteur,Fonction,Experience,Contrat,Lien
Analyste Cybersécurité Senior | Casablanca (Maroc),Informatique,Informatique / Electronique,Confirmé (5 à 10 ans),CDI,https://www.rekrute.com/offre-emploi-analyste-cybersecurite-senior-recrutement-orange-business-casablanca-182731.html
Expert Sécurité IAM | Casablanca (Maroc),Informatique,Informatique / Electronique,Confirmé (5 à 10 ans),CDI,https://www.rekrute.com/offre-emploi-expert-securite-iam-recrutement-orange-business-casablanca-182730.html
Back office francophone (H/F) | Casablanca (Maroc),Centre d'appels,Centre d'appels (métiers de),Junior (1 à 3 ans),CDD,https://www.rekrute.com/offre-emploi-back-office-francophone-hf-recrutement-maroc-climate-and-security-mcs---carrier-casablanca-182463.html
Software Asset Management Expert | Rabat Technopolis (Maroc),Informatique,Informatique / Electronique,Intermédiaire (3 à 5 ans),CDI,https://www.rekrute.com/offre-emploi-software-asset-management-expert-recrutement-orange-business-rabat-technopolis-182729.html
Senior Mobile Core Engineer | Rabat (Maroc),Informatique,Informatique / Electronique,Confirmé (5 à 10 ans),CDI,https://www.rekrute.com/offre-emploi-senior-mobile-core-engineer-recrutement-orange-business-rabat-182728.html
Ingénieur(e) Méthode QOS  mobile 2G/3G/4G/5G (H/F) | Rabat (Maroc),Telecom,Télécom / Réseaux,Confirmé (5 à 10 ans),CDI,https://www.rekrute.com/offre-emploi-ingenieure-methode-qos-mobile-2g3g4g5g-hf-recrutement-btechnologie-rabat-182727.html
Dessinateur Projeteur Revit / Modélisation 3D | Casablanca (Maroc),BTP / Génie Civil,Travaux / Chantiers / BTP,Intermédiaire (3 à 5 ans),CDI,https://www.rekrute.com/offre-emploi-dessinateur-projeteur-revit-modelisation-3d-recrutement-labs-networks-maghrib-casablanca-182726.html
Responsable Commercial | Casablanca (Maroc),Agroalimentaire,Commercial / Vente / Export,Intermédiaire (3 à 5 ans),CDI,https://www.rekrute.com/offre-emploi-responsable-commercial-recrutement-cadilhac-et-fils-casablanca-182725.html
Conseiller Client (F/H) - Service client - Rabat - Français | Rabat (Maroc),Centre d'appels,Centre d'appels (métiers de),Débutant (-1 an),Autre,https://www.rekrute.com/offre-emploi-conseiller-client-fh---service-client---rabat---francais-recrutement-concentrix-rabat-181509.html
Conseiller Client (F/H) - Télévente - Rabat - Français | Rabat (Maroc),Centre d'appels,Centre d'appels (métiers de),Débutant (-1 an),Autre,https://www.rekrute.com/offre-emploi-conseiller-client-fh---televente---rabat---francais-recrutement-concentrix-rabat-181626.html
Conseiller Client (F/H) - Télévente B2B- Rabat - Français | Rabat (Maroc),Centre d'appels,Centre d'appels (métiers de),Débutant (-1 an),Autre,https://www.rekrute.com/offre-emploi-conseiller-client-fh---televente-b2b--rabat---francais-recrutement-concentrix-rabat-181627.html
Conseiller Client (F/H) - Service client - Rabat - Français | Rabat (Maroc),Centre d'appels,Centre d'appels (métiers de),Débutant (-1 an),Autre,https://www.rekrute.com/offre-emploi-conseiller-client-fh---service-client---rabat---francais-recrutement-concentrix-rabat-181629.html
Conseiller Client (F/H) - Service client - Meknès - Français / Anglais | Meknès (Maroc),Centre d'appels,Centre d'appels (métiers de),Débutant (-1 an),Autre,https://www.rekrute.com/offre-emploi-conseiller-client-fh---service-client---meknes---francais-anglais-recrutement-concentrix-meknes-182263.html
Conseiller Client (F/H) – Télévente – Meknès – Francophone | Meknès (Maroc),Centre d'appels,Centre d'appels (métiers de),Débutant (-1 an),Autre,https://www.rekrute.com/offre-emploi-conseiller-client-fh-televente-meknes-francophone-recrutement-concentrix-meknes-182262.html
Conseiller Client (H/F) - Back Office -Meknès - Francophone | Meknès (Maroc),Centre d'appels,Centre d'appels (métiers de),Débutant (-1 an),Autre,https://www.rekrute.com/offre-emploi-conseiller-client-hf---back-office--meknes---francophone-recrutement-concentrix-meknes-182261.html
Conseiller Client (F/H) - Télévente - Marrakech - Français | Marrakech (Maroc),Centre d'appels,Centre d'appels (métiers de),Débutant (-1 an),Autre,https://www.rekrute.com/offre-emploi-conseiller-client-fh---televente---marrakech---francais-recrutement-concentrix-marrakech-182276.html
Conseiller Client (F/H) - Service client - Marrakech - Français / Anglais | Marrakech (Maroc),Centre d'appels,Centre d'appels (métiers de),Débutant (-1 an),Autre,https://www.rekrute.com/offre-emploi-conseiller-client-fh---service-client---marrakech---francais-anglais-recrutement-concentrix-marrakech-182275.html
Conseiller Client (F/H) - Service client - Marrakech - Français | Marrakech (Maroc),Centre d'appels,Centre d'appels (métiers de),Débutant (-1 an),Autre,https://www.rekrute.com/offre-emploi-conseiller-client-fh---service-client---marrakech---francais-recrutement-concentrix-marrakech-182274.html
Conseiller Client (F/H) - Service client - Marrakech - Espagnol | Marrakech (Maroc),Centre d'appels,Centre d'appels (métiers de),Débutant (-1 an),Autre,https://www.rekrute.com/offre-emploi-conseiller-client-fh---service-client---marrakech---espagnol-recrutement-concentrix-marrakech-182273.html
Conseiller Client (F/H) - Service client - Marrakech - Allemand | Marrakech (Maroc),Centre d'appels,Centre d'appels (métiers de),Débutant (-1 an),Autre,https://www.rekrute.com/offre-emploi-conseiller-client-fh---service-client---marrakech---allemand-recrutement-concentrix-marrakech-182264.html
Conseiller Client (F/H) - Télévente - Kénitra - Français | Kénitra (Maroc),Centre d'appels,Centre d'appels (métiers de),Débutant (-1 an),Autre,https://www.rekrute.com/offre-emploi-conseiller-client-fh---televente---kenitra---francais-recrutement-concentrix-kenitra-182247.html
Conseiller Client (F/H) - Service client - Kénitra - Français | Kénitra (Maroc),Centre d'appels,Centre d'appels (métiers de),Débutant (-1 an),Autre,https://www.rekrute.com/offre-emploi-conseiller-client-fh---service-client---kenitra---francais-recrutement-concentrix-kenitra-182246.html
Conseiller Client (F/H) - Service Client - Fès - Francophone | Fès (Maroc),Centre d'appels,Centre d'appels (métiers de),Débutant (-1 an),Autre,https://www.rekrute.com/offre-emploi-conseiller-client-fh---service-client---fes---francophone-recrutement-concentrix-fes-182258.html
Conseiller Client (F/H) - Back Office -Fès - Français | Fès (Maroc),Centre d'appels,Centre d'appels (métiers de),Débutant (-1 an),Autre,https://www.rekrute.com/offre-emploi-conseiller-client-fh---back-office--fes---francais-recrutement-concentrix-fes-182257.html
Conseiller Client (F/H) - Télévente - Fès - Francophone | Fès (Maroc),Centre d'appels,Centre d'appels (métiers de),Débutant (-1 an),Autre,https://www.rekrute.com/offre-emploi-conseiller-client-fh---televente---fes---francophone-recrutement-concentrix-fes-182255.html
Conseiller Client (F/H) - Technique -Fès - Francophone | Fès (Maroc),Centre d'appels,Centre d'appels (métiers de),Débutant (-1 an),Autre,https://www.rekrute.com/offre-emploi-conseiller-client-fh---technique--fes---francophone-recrutement-concentrix-fes-182254.html
Conseiller Client (F/H) - Assistance Technique - Agadir - Français / Anglais | Agadir (Maroc),Centre d'appels,Centre d'appels (métiers de),Débutant (-1 an),Autre,https://www.rekrute.com/offre-emploi-conseiller-client-fh---assistance-technique---agadir---francais-anglais-recrutement-concentrix-agadir-180838.html
Conseiller Client (F/H) – Expert Télévente FAI - Agadir - Français | Agadir (Maroc),Centre d'appels,Centre d'appels (métiers de),Junior (1 à 3 ans),Autre,https://www.rekrute.com/offre-emploi-conseiller-client-fh-expert-televente-fai---agadir---francais-recrutement-concentrix-agadir-182253.html
Conseiller Client (F/H) - Service client - AGADIR - Allemand / Anglais | Agadir (Maroc),Centre d'appels,Centre d'appels (métiers de),Débutant (-1 an),Autre,https://www.rekrute.com/offre-emploi-conseiller-client-fh---service-client---agadir---allemand-anglais-recrutement-concentrix-agadir-182252.html
Conseiller Client (F/H) - Service Client Francophone- Agadir | Agadir (Maroc),Centre d'appels,Centre d'appels (métiers de),Débutant (-1 an),Autre,https://www.rekrute.com/offre-emploi-conseiller-client-fh---service-client-francophone--agadir-recrutement-concentrix-agadir-182251.html
Conseiller Client (F/H) - Télévente - Agadir - Français | Agadir (Maroc),Centre d'appels,Centre d'appels (métiers de),Débutant (-1 an),Autre,https://www.rekrute.com/offre-emploi-conseiller-client-fh---televente---agadir---francais-recrutement-concentrix-agadir-182250.html
Conseiller Client (F/H) - Service client - Agadir - Hispano – Franco/Anglo - | Agadir (Maroc),Centre d'appels,Centre d'appels (métiers de),Débutant (-1 an),Autre,https://www.rekrute.com/offre-emploi-conseiller-client-fh---service-client---agadir---hispano-francoanglo---recrutement-concentrix-agadir-182248.html
Gestionnaire Production Automobile | Tanger (Maroc),Assurance / Courtage,Assurance (métiers de l'),Intermédiaire (3 à 5 ans),CDI,https://www.rekrute.com/offre-emploi-gestionnaire-production-automobile-recrutement-atlas-capital-tanger-182724.html
Gestionnaire Sinistres Automobile | Casablanca (Maroc),Assurance / Courtage,Assurance (métiers de l'),Intermédiaire (3 à 5 ans),CDI,https://www.rekrute.com/offre-emploi-gestionnaire-sinistres-automobile-recrutement-atlas-capital-casablanca-182723.html
Technico-Commerciaux - Secteur Cliniques Médicales | Rabat (Maroc),Matériel Médical,Commercial / Vente / Export,Confirmé (5 à 10 ans),CDI,https://www.rekrute.com/offre-emploi-technico-commerciaux---secteur-cliniques-medicales-recrutement-confidentiel-rabat-182722.html
Executive assistant | Kinshasa (Congo (Rép. Dém. du)),Immobilier / Promoteur / Agence,Assistanat de Direction / Services Généraux,Intermédiaire (3 à 5 ans),CDI,https://www.rekrute.com/offre-emploi-executive-assistant-recrutement-confidentiel-kinshasa-182578.html
Chargée de clientèle | Berkane (Maroc),Telecom,Administration des ventes / SAV,Débutant (-1 an),Autre,https://www.rekrute.com/offre-emploi-chargee-de-clientele-recrutement-manpower-agences-berkane-182721.html
Techniciens help desk turcophones - sala al jadida (H/F) | Sala Al Jadida (Maroc),Centre d'appels,Centre d'appels (métiers de),Junior (1 à 3 ans),CDI,https://www.rekrute.com/offre-emploi-techniciens-help-desk-turcophones---sala-al-jadida-hf-recrutement-econocom-maroc-sala-al-jadida-182720.html
Agent de prise en charge - Clinique Errachidia | Errachidia (Maroc),Comptabilité / Audit,Santé / Social (métiers de),Junior (1 à 3 ans),CDI,https://www.rekrute.com/offre-emploi-agent-de-prise-en-charge---clinique-errachidia-recrutement-akdital-errachidia-182513.html
Directeur Magasin (H/F) | Région Sud (Maroc),Distribution,Direction Commerciale / Export,Expert (10 à 20 ans),CDI,https://www.rekrute.com/offre-emploi-directeur-magasin-hf-recrutement-groupe-labelvie---carrefour-region-sud-182292.html
Responsable Magasin Adjoint (H/F) - Tout le Maroc | SUD (Maroc),Distribution,Commercial / Vente / Export,Junior (1 à 3 ans),CDI,https://www.rekrute.com/offre-emploi-responsable-magasin-adjoint-hf---tout-le-maroc-recrutement-groupe-labelvie---carrefour-sud-182373.html
Directeur Magasin Supermarché | Tout le Maroc (Maroc),Agroalimentaire,,Intermédiaire (3 à 5 ans),CDI,https://www.rekrute.com/offre-emploi-directeur-magasin-supermarche-recrutement-groupe-labelvie---carrefour-tout-le-maroc-182374.html
Planificateur – Optimisateur | Casablanca (Maroc),Centre d'appels,Administration des ventes / SAV,Junior (1 à 3 ans),CDI,https://www.rekrute.com/offre-emploi-planificateur-optimisateur-recrutement-sol30-casablanca-181181.html
Développeur (se) CRM Dynamics 365 | Casablanca (Maroc),Informatique,Informatique / Electronique,Junior (1 à 3 ans),CDI,https://www.rekrute.com/offre-emploi-developpeur-se-crm-dynamics-365-recrutement-capgemini-casablanca-182719.html
Ingénieur Chimiste  Développement Produits | Casablanca (Maroc),Plasturgie,Gestion projet / Etudes / R&D,Intermédiaire (3 à 5 ans),CDI,https://www.rekrute.com/offre-emploi-ingenieur-chimiste-developpement-produits-recrutement-plastima-casablanca-182718.html
Gestionnaire administration des ventes (Junior) | Casablanca (Maroc),Indifférent,Administration des ventes / SAV,Junior (1 à 3 ans),CDI,https://www.rekrute.com/offre-emploi-gestionnaire-administration-des-ventes-junior-recrutement-pwc-casablanca-182717.html
Directeur (trice) de l'Hébergement | Rabat (Maroc),Pharmacie / Santé,Médical / Paramédical,Expert (10 à 20 ans),CDI,https://www.rekrute.com/offre-emploi-directeur-trice-de-lhebergement-recrutement-huir---lhopital-universitaire-international-de-rabat-rabat-182716.html
Star Assistant | Casablanca (Maroc),Automobile / Motos / Cycles,Administration des ventes / SAV,Junior (1 à 3 ans),CDI,https://www.rekrute.com/offre-emploi-star-assistant-recrutement-auto-nejma-maroc-s.a.-casablanca-182715.html
VQR & Innovation Brand  Manager | Casablanca (Maroc),Agroalimentaire,Marketing,Intermédiaire (3 à 5 ans),CDI,https://www.rekrute.com/offre-emploi-vqr-innovation-brand-manager-recrutement-groupe-bel-casablanca-182714.html
Gestionnaire IARD | Casablanca (Maroc),Assurance / Courtage,Assistanat de Direction / Services Généraux,Intermédiaire (3 à 5 ans),CDI,https://www.rekrute.com/offre-emploi-gestionnaire-iard-recrutement-atlas-capital-casablanca-182713.html
Consultant Radio Télécom | Casablanca (Maroc),BTP / Génie Civil,Télécom / Réseaux,Intermédiaire (3 à 5 ans),CDI,https://www.rekrute.com/offre-emploi-consultant-radio-telecom-recrutement-labs-networks-maghrib-casablanca-182712.html
Comptable Senior (H/F) | Casablanca (Maroc),Comptabilité / Audit,Gestion / Comptabilité / Finance,Confirmé (5 à 10 ans),CDI,https://www.rekrute.com/offre-emploi-comptable-senior-hf-recrutement-pwc-casablanca-182711.html
Squad Leader VDI | Casablanca (Maroc),Informatique,Informatique / Electronique,Confirmé (5 à 10 ans),CDI,https://www.rekrute.com/offre-emploi-squad-leader-vdi-recrutement-inetum-casablanca-181700.html
Gestionnaire des flux et stocks (H-F) | Salé (Maroc),Autres services,Achats / Supply Chain,Junior (1 à 3 ans),CDI,https://www.rekrute.com/offre-emploi-gestionnaire-des-flux-et-stocks-h-f-recrutement-sorec-sale-182710.html
Assistant(e) Commercial(e)en Réception d'Appels | Casablanca (Maroc),Autres services,Centre d'appels (métiers de),Intermédiaire (3 à 5 ans),CDD,https://www.rekrute.com/offre-emploi-assistante-commercialeen-reception-dappels-recrutement-maroc-climate-and-security-mcs---carrier-casablanca-182709.html
Conseillers Commerciaux en Assurances | Casablanca (Maroc),Assurance / Courtage,Centre d'appels (métiers de),Junior (1 à 3 ans),CDI,https://www.rekrute.com/offre-emploi-conseillers-commerciaux-en-assurances-recrutement-synergie-courtage-casablanca-182360.html
Responsable Actifs et Trésorerie | Casablanca (Maroc),Assurance / Courtage,Gestion / Comptabilité / Finance,Confirmé (5 à 10 ans),CDI,https://www.rekrute.com/offre-emploi-responsable-actifs-et-tresorerie-recrutement-cat-assurance-et-reassurance-casablanca-182707.html
Responsable d'Agence (H/F) | Tout le Maroc (Maroc),Recrutement / Intérim,Commercial / Vente / Export,Intermédiaire (3 à 5 ans),CDI,https://www.rekrute.com/offre-emploi-responsable-dagence-hf-recrutement-tectra-tout-le-maroc-182537.html
Gestionnaire de paie et Administration du personnel (ADP) | TANGER (Maroc),Autres services,RH / Personnel / Formation,Intermédiaire (3 à 5 ans),CDI,https://www.rekrute.com/offre-emploi-gestionnaire-de-paie-et-administration-du-personnel-adp-recrutement-groupe-vilavi-tanger-180805.html
Responsable Logistique et Distribution | MEKNES (Maroc),Automobile / Motos / Cycles,Achats / Supply Chain,Intermédiaire (3 à 5 ans),CDI,https://www.rekrute.com/offre-emploi-responsable-logistique-et-distribution-recrutement-meski-invest---riva-industries-meknes-180430.html
Assistante Administrative | Casablanca (Maroc),Indifférent,Assistanat de Direction / Services Généraux,Junior (1 à 3 ans),CDI,https://www.rekrute.com/offre-emploi-assistante-administrative-recrutement-atlas-capital-casablanca-182683.html
Directeur de la Restauration | Marrakech (Maroc),Hôtellerie / Restauration,Autres directions,Expert (10 à 20 ans),CDI,https://www.rekrute.com/offre-emploi-directeur-de-la-restauration-recrutement-es-saadi-marrakech-resort-marrakech-181866.html
Stagiaire Communication & Événementiel Capital Humain (Marketing RH) | Marrakech (Maroc),Communication / Evénementiel,Marketing,Débutant (-1 an),Stage,https://www.rekrute.com/offre-emploi-stagiaire-communication-evenementiel-capital-humain-marketing-rh-recrutement-es-saadi-marrakech-resort-marrakech-181745.html
Comptable Fournisseurs – Secteur Pharmaceutique | Bouskoura (Maroc),Comptabilité / Audit,Gestion / Comptabilité / Finance,Junior (1 à 3 ans),CDI,https://www.rekrute.com/offre-emploi-comptable-fournisseurs-secteur-pharmaceutique-recrutement-confidentiel-bouskoura-182682.html
Technico-Commerciaux - Secteur Cliniques Médicales | Rabat (Maroc),Matériel Médical,Commercial / Vente / Export,Junior (1 à 3 ans),CDI,https://www.rekrute.com/offre-emploi-technico-commerciaux---secteur-cliniques-medicales-recrutement-confidentiel-rabat-182680.html
Juriste spécialisé en droit du travail | Sala al Jadida (Maroc),Autres services,Avocat / Juriste / Fiscaliste,Intermédiaire (3 à 5 ans),CDI,https://www.rekrute.com/offre-emploi-juriste-specialise-en-droit-du-travail-recrutement-axa-services-maroc-sala-al-jadida-182679.html
Technicien Ordonnancement | Casablanca (Maroc),Autres services,Production / Qualité / Sécurité / Maintenance,Intermédiaire (3 à 5 ans),CDI,https://www.rekrute.com/offre-emploi-technicien-ordonnancement-recrutement-richbond-casablanca-182678.html
Infirmière de travail | Rabat (Maroc),Offshoring / Nearshoring,Médical / Paramédical,Intermédiaire (3 à 5 ans),CDI,https://www.rekrute.com/offre-emploi-infirmiere-de-travail-recrutement-axa-services-maroc-rabat-182677.html
Cadre Commercial Francophone Top Performers | Casablanca (Maroc),Conseil / Etudes,Commercial / Vente / Export,Intermédiaire (3 à 5 ans),CDI,https://www.rekrute.com/offre-emploi-cadre-commercial-francophone-top-performers-recrutement-alkimiy-casablanca-181822.html
Conseiller en Assurance Emprunteur | Tanger (Maroc),Assurance / Courtage,Administration des ventes / SAV,Intermédiaire (3 à 5 ans),CDI,https://www.rekrute.com/offre-emploi-conseiller-en-assurance-emprunteur-recrutement-eloan-tanger-182676.html
Téléconseiller | Casablanca (Maroc),Autres services,Commercial / Vente / Export,Junior (1 à 3 ans),CDI,https://www.rekrute.com/offre-emploi-teleconseiller-recrutement-richbond-casablanca-182675.html
Acheteur Confirmé (H/F) | Rabat (Maroc),Pharmacie / Santé,Achats / Supply Chain,Confirmé (5 à 10 ans),CDI,https://www.rekrute.com/offre-emploi-acheteur-confirme-hf-recrutement-huir---lhopital-universitaire-international-de-rabat-rabat-175559.html
Chargé de Compte (H/F) | Safi (Maroc),Banque / Finance,Banque (métiers de la),Débutant (-1 an),Autre,https://www.rekrute.com/offre-emploi-charge-de-compte-hf-recrutement-bank-assafa-safi-182511.html
Chargé SI | Casablanca (Maroc),Informatique,Télécom / Réseaux,Intermédiaire (3 à 5 ans),CDI,https://www.rekrute.com/offre-emploi-charge-si-recrutement-orh-assessment-casablanca-182674.html
Senior HRBP | Casablanca (Maroc),Conseil / Etudes,RH / Personnel / Formation,Confirmé (5 à 10 ans),CDI,https://www.rekrute.com/offre-emploi-senior-hrbp-recrutement-confidentiel-casablanca-182673.html
MSN-Research assistant in hydrogel materials | Benguerir (Maroc),Enseignement / Formation,Gestion projet / Etudes / R&D,Débutant (-1 an),CDD,https://www.rekrute.com/offre-emploi-msn-research-assistant-in-hydrogel-materials-recrutement-um6p---universite-mohammed-vi-polytechnique-benguerir-181359.html
Chargé des Moyen Généraux | Casablanca (Maroc),Centre d'appels,Production / Qualité / Sécurité / Maintenance,Junior (1 à 3 ans),CDI,https://www.rekrute.com/offre-emploi-charge-des-moyen-generaux-recrutement-cnexia-casablanca-182672.html
Auditeur interne junior | Casablanca (Maroc),Assurance / Courtage,Audit / Conseil,Junior (1 à 3 ans),CDI,https://www.rekrute.com/offre-emploi-auditeur-interne-junior-recrutement-cat-assurance-et-reassurance-casablanca-180855.html
Technicien Méthodes et Industrialisation / Process Planner (H/F) | Casablanca (Maroc),Aéronautique / Spatial,Méthodes / Process / Industrialisation,Intermédiaire (3 à 5 ans),CDI,https://www.rekrute.com/offre-emploi-technicien-methodes-et-industrialisation-process-planner-hf-recrutement-pratt-whitney-casablanca-182671.html
Technicien Maintenance (H/F) | Casablanca (Maroc),Aéronautique / Spatial,Méthodes / Process / Industrialisation,Intermédiaire (3 à 5 ans),CDI,https://www.rekrute.com/offre-emploi-technicien-maintenance-hf-recrutement-pratt-whitney-casablanca-182670.html
Deutsch- und englischsprachige Kundenberater (m/w) | Casablanca (Maroc),Centre d'appels,Centre d'appels (métiers de),Junior (1 à 3 ans),CDI,https://www.rekrute.com/offre-emploi-deutsch--und-englischsprachige-kundenberater-mw-recrutement-outsourcia-casablanca-182669.html
Chef de projet AMOA - H/F | Rabat (Maroc),Informatique,Informatique / Electronique,Intermédiaire (3 à 5 ans),CDI,https://www.rekrute.com/offre-emploi-chef-de-projet-amoa---hf-recrutement-huir---lhopital-universitaire-international-de-rabat-rabat-179520.html
Consultant Test Fonctionnel Confirmé/Senior | Casablanca (Maroc),Informatique,Informatique / Electronique,Intermédiaire (3 à 5 ans),CDI,https://www.rekrute.com/offre-emploi-consultant-test-fonctionnel-confirmesenior-recrutement-capgemini-casablanca-182668.html
Fraud Monitoring Officer | Casablanca (Maroc),Autres services,Audit / Conseil,Intermédiaire (3 à 5 ans),CDI,https://www.rekrute.com/offre-emploi-fraud-monitoring-officer-recrutement-air-arabia-casablanca-182667.html
Manager commercial trilingue FR/ENG/DE | Casablanca (Maroc),Centre d'appels,Centre d'appels (métiers de),Junior (1 à 3 ans),CDI,https://www.rekrute.com/offre-emploi-manager-commercial-trilingue-frengde-recrutement-outsourcia-casablanca-182666.html
Job Backoffice (FR/EN) + Télétravail possible – Poste sans appels ! | Casablanca (Maroc),Centre d'appels,Centre d'appels (métiers de),Débutant (-1 an),CDI,https://www.rekrute.com/offre-emploi-job-backoffice-fren-teletravail-possible-poste-sans-appels-recrutement-outsourcia-casablanca-182665.html
IT Helpdesk bilingue (français/anglais) - marché canadien | Casablanca (Maroc),Centre d'appels,Centre d'appels (métiers de),Junior (1 à 3 ans),CDI,https://www.rekrute.com/offre-emploi-it-helpdesk-bilingue-francaisanglais---marche-canadien-recrutement-outsourcia-casablanca-182664.html
"Pré-sales Technique – Infrastructure (Marché Local) | Rabat, Rabat-Salé-Kénitra, Maroc (Maroc)",Informatique,Informatique / Electronique,Confirmé (5 à 10 ans),CDI,https://www.rekrute.com/offre-emploi-pre-sales-technique-infrastructure-marche-local-recrutement-dxc---cdg-rabat-rabat-sale-kenitra-maroc-182663.html
Développeur(se) ServiceNow Senior | Rabat (Maroc),Informatique,Informatique / Electronique,Confirmé (5 à 10 ans),CDI,https://www.rekrute.com/offre-emploi-developpeurse-servicenow-senior-recrutement-capgemini-rabat-182662.html
Pilote Synthèse Validation H/F | Casablanca (Maroc),Automobile / Motos / Cycles,Gestion projet / Etudes / R&D,Intermédiaire (3 à 5 ans),CDI,https://www.rekrute.com/offre-emploi-pilote-synthese-validation-hf-recrutement-akkodis-maroc-casablanca-182661.html
Senior Business Analyst Salesforce | Rabat (Maroc),Informatique,Informatique / Electronique,Confirmé (5 à 10 ans),CDI,https://www.rekrute.com/offre-emploi-senior-business-analyst-salesforce-recrutement-capgemini-rabat-182660.html
Senior Business Analyst Salesforce | Casablanca (Maroc),Informatique,Informatique / Electronique,Confirmé (5 à 10 ans),CDI,https://www.rekrute.com/offre-emploi-senior-business-analyst-salesforce-recrutement-capgemini-casablanca-182337.html
Carrossiers | Casablanca (Maroc),Automobile / Motos / Cycles,Production / Qualité / Sécurité / Maintenance,Junior (1 à 3 ans),CDI,https://www.rekrute.com/offre-emploi-carrossiers-recrutement-groupe-smeia-casablanca-182659.html
Manager H/F | Meknès (Maroc),Centre d'appels,Centre d'appels (métiers de),Junior (1 à 3 ans),CDI,https://www.rekrute.com/offre-emploi-manager-hf-recrutement-mcdonalds-maroc-meknes-182658.html
Carrossiers | Rabat (Maroc),Automobile / Motos / Cycles,Production / Qualité / Sécurité / Maintenance,Junior (1 à 3 ans),CDI,https://www.rekrute.com/offre-emploi-carrossiers-recrutement-groupe-smeia-rabat-182657.html
Conseiller Service Après Vente | Casablanca (Maroc),Automobile / Motos / Cycles,Administration des ventes / SAV,Junior (1 à 3 ans),CDI,https://www.rekrute.com/offre-emploi-conseiller-service-apres-vente-recrutement-groupe-smeia-casablanca-182656.html
Chef de Produit / Prix | Casablanca (Maroc),Automobile / Motos / Cycles,Marketing,Junior (1 à 3 ans),CDI,https://www.rekrute.com/offre-emploi-chef-de-produit-prix-recrutement-groupe-smeia-casablanca-182655.html
"Chef de la Section Processus, AMOA et PMO | Casablanca (Maroc)",Automobile / Motos / Cycles,Gestion projet / Etudes / R&D,Intermédiaire (3 à 5 ans),CDI,https://www.rekrute.com/offre-emploi-chef-de-la-section-processus-amoa-et-pmo-recrutement-groupe-smeia-casablanca-182654.html
Chef de la Section Achats | Casablanca (Maroc),Automobile / Motos / Cycles,Production / Qualité / Sécurité / Maintenance,Junior (1 à 3 ans),CDI,https://www.rekrute.com/offre-emploi-chef-de-la-section-achats-recrutement-groupe-smeia-casablanca-182653.html
Chef de la Section Réseaux et Télécommunications | Casablanca (Maroc),Automobile / Motos / Cycles,Informatique / Electronique,Intermédiaire (3 à 5 ans),CDI,https://www.rekrute.com/offre-emploi-chef-de-la-section-reseaux-et-telecommunications-recrutement-groupe-smeia-casablanca-182652.html
